{
  "run_id": "20260322_184745_sample_video",
  "created_at": "2026-03-22T18:47:58+01:00",
  "video_path": "/Users/quan/Documents/Adobe/Premiere Pro/26.0/sample_video.mp4",
  "run_directory": "/Users/quan/Documents/personal/Stanford application project/technique-analysis/artifacts/runs/20260322_184745_sample_video",
  "config": {
    "pose_engine": "mediapipe",
    "max_fps": null,
    "max_dimension": null,
    "render_overlay": true,
    "render_max_dimension": null,
    "person_selector": "largest",
    "min_visibility": 0.5,
    "write_debug": false,
    "view": "front",
    "show_bbox": false
  },
  "video_metadata": {
    "path": "/Users/quan/Documents/Adobe/Premiere Pro/26.0/sample_video.mp4",
    "fps": 29.97002997002997,
    "width": 1920,
    "height": 1080,
    "duration_s": 5.739066666666667,
    "frame_count": 172
  },
  "quality": {
    "overall_pose_confidence_mean": 0.9387802558322978,
    "overall_pose_confidence_min": 0.7354495786130428,
    "low_confidence_fraction": 0.0,
    "viewpoint_warning": null,
    "jitter_score_mean": 0.4106836422971886,
    "warnings": [],
    "resolved_max_fps": 20.0,
    "resolved_max_dimension": 1080
  },
  "turns": [
    {
      "turn_idx": 0,
      "side": "right",
      "start_s": 0.0,
      "end_s": 1.0677333333333334,
      "duration_s": 1.0677333333333334,
      "n_frames_used": 17,
      "avg_pose_confidence": 0.9382992605952656,
      "avg_knee_flexion_L": 157.62576071141686,
      "avg_knee_flexion_R": 124.49961858385034,
      "avg_knee_flexion_diff": 39.213253768293804,
      "avg_stance_width_ratio": 1.52919051383262,
      "avg_upper_body_quietness": 0.010528988619762017,
      "avg_lean_angle": 39.793432962353734,
      "avg_edge_angle": 58.634240936413704,
      "avg_com_shift_3d": 0.381468765464052,
      "quality_score": 65.2,
      "smoothness_score": 76.2,
      "peak_lateral_shift": 0.5236,
      "amplitude": 0.41821464136612263,
      "segment_idx": 0
    },
    {
      "turn_idx": 1,
      "side": "left",
      "start_s": 1.0677333333333334,
      "end_s": 2.469133333333333,
      "duration_s": 1.4013999999999998,
      "n_frames_used": 22,
      "avg_pose_confidence": 0.9561810540882024,
      "avg_knee_flexion_L": 157.1603064226682,
      "avg_knee_flexion_R": 163.1777439965274,
      "avg_knee_flexion_diff": 9.14631288368426,
      "avg_stance_width_ratio": 1.2252721506442255,
      "avg_upper_body_quietness": 0.007376332817472891,
      "avg_lean_angle": 30.84935790912243,
      "avg_edge_angle": 40.017890927483414,
      "avg_com_shift_3d": 0.3857867982871774,
      "quality_score": 79.5,
      "smoothness_score": 80.3,
      "peak_lateral_shift": 0.5468,
      "amplitude": 0.6522216463747844,
      "segment_idx": 0
    },
    {
      "turn_idx": 2,
      "side": "right",
      "start_s": 2.469133333333333,
      "end_s": 3.937266666666667,
      "duration_s": 1.4681333333333337,
      "n_frames_used": 23,
      "avg_pose_confidence": 0.9058637559089971,
      "avg_knee_flexion_L": 166.25258238696344,
      "avg_knee_flexion_R": 142.80870574318428,
      "avg_knee_flexion_diff": 25.883292223348942,
      "avg_stance_width_ratio": 1.2050810196224848,
      "avg_upper_body_quietness": 0.008566965256527021,
      "avg_lean_angle": 34.629822027398305,
      "avg_edge_angle": 47.47330415028206,
      "avg_com_shift_3d": 0.3525955916513068,
      "quality_score": 69.8,
      "smoothness_score": 77.9,
      "peak_lateral_shift": 0.4937,
      "amplitude": 0.5234524483439811,
      "segment_idx": 0
    },
    {
      "turn_idx": 3,
      "side": "left",
      "start_s": 3.937266666666667,
      "end_s": 5.6723333333333334,
      "duration_s": 1.7350666666666665,
      "n_frames_used": 27,
      "avg_pose_confidence": 0.9538326707703096,
      "avg_knee_flexion_L": 152.78138180446913,
      "avg_knee_flexion_R": 163.6316529830329,
      "avg_knee_flexion_diff": 12.277918791396361,
      "avg_stance_width_ratio": 1.2652274686561535,
      "avg_upper_body_quietness": 0.008045933230725884,
      "avg_lean_angle": 26.9322873382897,
      "avg_edge_angle": 37.280425573481466,
      "avg_com_shift_3d": 0.37967652783762995,
      "quality_score": 78.0,
      "smoothness_score": 84.6,
      "peak_lateral_shift": 0.5411,
      "amplitude": 0.899480251921841,
      "segment_idx": 0
    }
  ],
  "coaching_tips": [
    {
      "title": "Work on symmetric knee flexion",
      "explanation": "Average left-right knee flexion asymmetry is 20.8\u00b0. Aim for <10\u00b0 symmetry to distribute load evenly and improve edge control.",
      "evidence": "Asymmetry 21\u00b0 \u2014 target is under 10\u00b0",
      "severity": "action",
      "time_ranges": [
        [
          0.0,
          1.0677333333333334
        ],
        [
          2.469133333333333,
          3.937266666666667
        ]
      ]
    },
    {
      "title": "Quiet your upper body rotation",
      "explanation": "Shoulder tilt varies by 14\u00b0 across the run. Excessive upper body rotation wastes energy; focus on separating hip and shoulder movement.",
      "evidence": "Shoulder variation 14\u00b0 \u2014 aim for under 8\u00b0",
      "severity": "warn",
      "time_ranges": [
        [
          0.0,
          1.0677333333333334
        ],
        [
          2.469133333333333,
          3.937266666666667
        ]
      ]
    },
    {
      "title": "Drive your knees forward over your toes",
      "explanation": "Hip-knee-ankle stack is off-center. Pressing knees forward improves edge engagement and fore-aft balance.",
      "evidence": "Alignment offset: Needs work (0.36, ideal is 0)",
      "severity": "warn",
      "time_ranges": [
        [
          0.0,
          1.0677333333333334
        ],
        [
          2.469133333333333,
          3.937266666666667
        ]
      ]
    },
    {
      "title": "Reduce excessive body lean",
      "explanation": "Average full-body lean is 33\u00b0 from vertical. Leaning beyond 20\u201325\u00b0 risks losing balance. Lead with your hips and keep your upper body more upright.",
      "evidence": "Lean angle: 33\u00b0 \u2014 target under 25\u00b0",
      "severity": "warn",
      "time_ranges": [
        [
          0.0,
          1.0677333333333334
        ],
        [
          2.469133333333333,
          3.937266666666667
        ]
      ]
    },
    {
      "title": "Stabilise your upper body",
      "explanation": "Notable head and torso movement detected across the run. Focus on keeping your core still while hips drive turns.",
      "evidence": "Upper-body motion: Needs work",
      "severity": "info",
      "time_ranges": [
        [
          0.0,
          1.0677333333333334
        ],
        [
          2.469133333333333,
          3.937266666666667
        ]
      ]
    }
  ],
  "artifacts": [
    {
      "kind": "video_overlay",
      "path": "/Users/quan/Documents/personal/Stanford application project/technique-analysis/artifacts/runs/20260322_184745_sample_video/videos/overlay.mp4"
    },
    {
      "kind": "metrics_csv",
      "path": "/Users/quan/Documents/personal/Stanford application project/technique-analysis/artifacts/runs/20260322_184745_sample_video/metrics/metrics.csv"
    },
    {
      "kind": "summary_json",
      "path": "/Users/quan/Documents/personal/Stanford application project/technique-analysis/artifacts/runs/20260322_184745_sample_video/summary/summary.json"
    }
  ],
  "codec_used": "avc1",
  "segments": [
    {
      "idx": 0,
      "start_s": 0.0,
      "end_s": 5.74,
      "n_confident_frames": 86,
      "mean_confidence": 0.939,
      "n_turns": 4,
      "is_primary": true
    }
  ]
}