{
  "states": [
    "R",
    "B",
    "DNF"
  ],
  "transition_counts": {
    "R": {
      "R": 218.0,
      "B": 13.0,
      "DNF": 30.0
    },
    "B": {
      "R": 14.0,
      "B": 318.0,
      "DNF": 35.0
    },
    "DNF": {
      "R": 29.0,
      "B": 36.0,
      "DNF": 739.0
    }
  },
  "transition_probabilities": {
    "R": {
      "R": 0.8295454545454546,
      "B": 0.05303030303030303,
      "DNF": 0.11742424242424243
    },
    "B": {
      "R": 0.04054054054054054,
      "B": 0.8621621621621621,
      "DNF": 0.0972972972972973
    },
    "DNF": {
      "R": 0.03717472118959108,
      "B": 0.04584882280049566,
      "DNF": 0.9169764560099133
    }
  },
  "transition_log_probabilities": {
    "R": {
      "R": -0.1868773733298153,
      "B": -2.9368917735310576,
      "DNF": -2.1419618986611697
    },
    "B": {
      "R": -3.20545280453606,
      "B": -0.1483119028534256,
      "DNF": -2.32998406718216
    },
    "DNF": {
      "R": -3.292126286607793,
      "B": -3.0824057556257243,
      "DNF": -0.08667348207173332
    }
  },
  "ci95": {
    "R->R": {
      "low": 0.45901639344262296,
      "high": 0.9340591054795826
    },
    "R->B": {
      "low": 0.005555555555555556,
      "high": 0.272758405977584
    },
    "R->DNF": {
      "low": 0.04536208817061812,
      "high": 0.4018714495143852
    },
    "B->R": {
      "low": 0.008015787388852405,
      "high": 0.11124031007751925
    },
    "B->B": {
      "low": 0.5925925925925926,
      "high": 0.9182608695652174
    },
    "B->DNF": {
      "low": 0.046445771081891254,
      "high": 0.3287979452054794
    },
    "DNF->R": {
      "low": 0.013561672415711584,
      "high": 0.06837103839827934
    },
    "DNF->B": {
      "low": 0.017089128976759106,
      "high": 0.09563454759106933
    },
    "DNF->DNF": {
      "low": 0.8586418776371307,
      "high": 0.9558159480440688
    }
  },
  "method": "proxy_sequences_from_eval_detections + Laplace(1)"
}